"Customer_ID";"Order_ID";"Order_Date";"Customer_First_Name";"Customer_Second_Name";"Region";"Product_Name";"Quantity_Purchased";"Cost_Per_Item";"Total_Sales"
301;401;"1/1/2019";"Miss Elisabeth Walton";"Allen";"EMEA";"Soap";8;" $100.00 ";" $800.00 "
302;402;"1/2/2019";"Mr Hudson Joshua Creighton";"Allison";"EMEA";"Shampoo";18;" $50.00 ";" $900.00 "
303;403;"1/3/2019";"Mrs Bessie Waldo";"Allison";"EMEA";"Powder";28;" $10.00 ";" $280.00 "
304;404;"1/4/2019";"Miss Helen Loraine";"Allison";"EMEA";"Washing Liquid";38;" $20.00 ";" $760.00 "
305;405;"1/5/2019";"Master Hudson Trevor";"Allison";"EMEA";"Detergent";48;" $31.43 ";" $1,508.57 "
306;406;"1/6/2019";"Mr Harry";"Anderson";"EMEA";"Diapers";58;" $42.86 ";" $2,485.71 "
307;407;"1/7/2019";"Miss Kornelia Theodosia";"Andrews";"EMEA";"Comb";68;" $54.29 ";" $3,691.43 "
308;408;"1/8/2019";"Mr Thomas";"Andrews";"EMEA";"Utensils";78;" $65.71 ";" $5,125.71 "
309;409;"1/9/2019";"Mrs Charlotte";"Appleton";"EMEA";"Vegetables";88;" $77.14 ";" $6,788.57 "
310;410;"1/10/2019";"Mr Ramon";"Artagaveytia";"EMEA";"Fruits";98;" $88.57 ";" $8,680.00 "
311;411;"1/11/2019";"Colonel John Jacob";"Astor";"EMEA";"Soap";108;" $100.00 ";" $10,800.00 "
312;412;"1/12/2019";"Mrs Madeleine Talmage";"Astor";"EMEA";"Shampoo";118;" $104.12 ";" $12,285.88 "
313;413;"1/13/2019";"Mme. Léontine Pauline “Ninette”";"Aubart";"EMEA";"Powder";128;" $108.24 ";" $13,854.12 "
314;414;"1/14/2019";"Miss Ellen Mary (Maid to Mrs Tyrell William Cavendish)";"Barber";"EMEA";"Washing Liquid";8;" $112.35 ";" $898.82 "
315;415;"1/15/2019";"Mr Algernon Henry";"Barkworth";"EMEA";"Detergent";18;" $116.47 ";" $2,096.47 "
316;416;"1/16/2019";"Mrs Albina (Maid to Mrs William Robert Bucknell)";"Bassani";"EMEA";"Diapers";28;" $120.59 ";" $3,376.47 "
317;417;"1/17/2019";"Mr John D.";"Baumann";"EMEA";"Comb";38;" $124.71 ";" $4,738.82 "
318;418;"1/18/2019";"Mrs Hélène";"Baxter";"EMEA";"Utensils";48;" $128.82 ";" $6,183.53 "
319;419;"1/19/2019";"Mr Quigg Edmond";"Baxter";"EMEA";"Vegetables";58;" $132.94 ";" $7,710.59 "
320;420;"1/20/2019";"Mr Thomson";"Beattie";"EMEA";"Fruits";68;" $137.06 ";" $9,320.00 "
321;421;"1/21/2019";"Mr Richard Leonard";"Beckwith";"EMEA";"Soap";78;" $141.18 ";" $11,011.76 "
322;422;"1/22/2019";"Mrs Sallie";"Beckwith";"EMEA";"Shampoo";88;" $145.29 ";" $12,785.88 "
323;423;"1/23/2019";"Mr Karl Howell";"Behr";"EMEA";"Powder";98;" $149.41 ";" $14,642.35 "
324;424;"1/24/2019";"Miss Nellie Mayo (Maid to Mrs Ella Holmes White)";"Bessette";"EMEA";"Washing Liquid";108;" $153.53 ";" $16,581.18 "
325;425;"1/25/2019";"Miss Rosalie (Maid to Mrs John Jacob Astor)";"Bidois";"EMEA";"Detergent";118;" $157.65 ";" $18,602.35 "
326;426;"1/26/2019";"Miss Ellen (Maid to Mr & Mrs Isodor Straus)";"Bird";"EMEA";"Diapers";128;" $161.76 ";" $20,705.88 "
327;427;"1/27/2019";"Mr Jakob";"Birnbaum";"EMEA";"Comb";8;" $165.88 ";" $1,327.06 "
328;428;"1/28/2019";"Mr Dickinson H.";"Bishop";"EMEA";"Utensils";18;" $170.00 ";" $3,060.00 "
329;429;"1/29/2019";"Mrs Helen";"Bishop";"EMEA";"Vegetables";28;" $174.12 ";" $4,875.29 "
330;430;"1/30/2019";"Mr Mauritz Hokan";"Björnström-Steffansson";"EMEA";"Fruits";38;" $178.24 ";" $6,772.94 "
331;431;"1/31/2019";"Mr Stephen Weart";"Blackwell";"EMEA";"Soap";48;" $182.35 ";" $8,752.94 "
332;432;"2/1/2019";"Mr Henry";"Blank";"EMEA";"Shampoo";58;" $186.47 ";" $10,815.29 "
333;433;"2/2/2019";"Miss Caroline";"Bonnell";"EMEA";"Powder";68;" $190.59 ";" $12,960.00 "
334;434;"2/3/2019";"Miss Elizabeth";"Bonnell";"EMEA";"Washing Liquid";78;" $194.71 ";" $15,187.06 "
335;435;"2/4/2019";"Mr John James";"Borebank";"EMEA";"Detergent";88;" $198.82 ";" $17,496.47 "
336;436;"2/5/2019";"Miss Grace Scott (Maid to Mr & Mrs Arthur Ryerson)";"Bowen";"EMEA";"Diapers";98;" $202.94 ";" $19,888.24 "
337;437;"2/6/2019";"Miss Elsie Edith";"Bowerman";"EMEA";"Comb";108;" $207.06 ";" $22,362.35 "
338;438;"2/7/2019";"Mr John Bertram";"Brady";"EMEA";"Utensils";118;" $211.18 ";" $24,918.82 "
339;439;"2/8/2019";"Mr Emil Franklin";"Brandeis";"EMEA";"Vegetables";128;" $215.29 ";" $27,557.65 "
340;440;"2/9/2019";"Mr George Andrew";"Brereton";"EMEA";"Fruits";8;" $219.41 ";" $1,755.29 "
341;441;"2/10/2019";"Dr Arthur Jackson";"Brewe";"EMEA";"Soap";18;" $223.53 ";" $4,023.53 "
342;442;"2/11/2019";"Mrs Caroline Lane";"Brown";"EMEA";"Shampoo";28;" $227.65 ";" $6,374.12 "
343;443;"2/12/2019";"Mrs Margaret “Molly”";"Brown";"EMEA";"Powder";38;" $231.76 ";" $8,807.06 "
344;444;"2/13/2019";"Mrs Emma Eliza";"Bucknell";"EMEA";"Washing Liquid";48;" $235.88 ";" $11,322.35 "
345;445;"2/14/2019";"Miss Elizabeth Margaret (Nanny to Master Robert Douglas Spedden)";"Burns";"EMEA";"Detergent";58;" $240.00 ";" $13,920.00 "
346;446;"2/15/2019";"Major Archibald Willingham";"Butt";"EMEA";"Diapers";68;" $244.12 ";" $16,600.00 "
347;447;"2/16/2019";"Mr Alexander Milne (Manservant to Mr William Ernest Carter)";"Cairns";"EMEA";"Comb";78;" $248.24 ";" $19,362.35 "
348;448;"2/17/2019";"Mr Edward Pennington";"Calderhead";"EMEA";"Utensils";88;" $252.35 ";" $22,207.06 "
349;449;"2/18/2019";"Mrs Helen Churchill";"Candee";"EMEA";"Vegetables";98;" $256.47 ";" $25,134.12 "
350;450;"2/19/2019";"Mrs Charlotte Wardle";"Cardeza";"EMEA";"Fruits";108;" $260.59 ";" $28,143.53 "
351;451;"2/20/2019";"Mr Thomas Drake Martinez";"Cardeza";"EMEA";"Soap";118;" $264.71 ";" $31,235.29 "
352;452;"2/21/2019";"Mr Frans Olof";"Carlsson";"EMEA";"Shampoo";128;" $268.82 ";" $34,409.41 "
353;453;"2/22/2019";"Mr José Pedro";"Carraú-Esteves";"EMEA";"Powder";8;" $272.94 ";" $2,183.53 "
354;454;"2/23/2019";"Mr Francisco Mauro Severiano";"Carrau";"EMEA";"Washing Liquid";18;" $277.06 ";" $4,987.06 "
355;455;"2/24/2019";"Mr William Ernest";"Carter";"EMEA";"Detergent";28;" $281.18 ";" $7,872.94 "
356;456;"2/25/2019";"Mrs Lucile";"Carter";"EMEA";"Diapers";38;" $285.29 ";" $10,841.18 "
357;457;"2/26/2019";"Miss Lucile Polk";"Carter";"EMEA";"Comb";48;" $289.41 ";" $13,891.76 "
358;458;"2/27/2019";"Master William Thornton II";"Carter";"EMEA";"Utensils";58;" $293.53 ";" $17,024.71 "
359;459;"2/28/2019";"Mr Howard Brown";"Case";"EMEA";"Vegetables";68;" $297.65 ";" $20,240.00 "
360;460;"3/1/2019";"Mrs Eleanor Genevieve";"Cassebeer";"EMEA";"Fruits";78;" $301.76 ";" $23,537.65 "
361;461;"3/2/2019";"Mr Tyrell William";"Cavendish";"EMEA";"Soap";88;" $305.88 ";" $26,917.65 "
362;462;"3/3/2019";"Mrs Julia Florence";"Cavendish";"EMEA";"Shampoo";98;" $310.00 ";" $30,380.00 "
363;463;"3/4/2019";"Mr Herbert Fuller";"Chaffee";"EMEA";"Powder";108;" $314.12 ";" $33,924.71 "
364;464;"3/5/2019";"Mrs Carrie Constance";"Chaffee";"EMEA";"Washing Liquid";118;" $318.24 ";" $37,551.76 "
365;465;"3/6/2019";"Mr Norman Campbell";"Chambers";"EMEA";"Detergent";128;" $322.35 ";" $41,261.18 "
366;466;"3/7/2019";"Mrs Bertha";"Chambers";"EMEA";"Diapers";8;" $326.47 ";" $2,611.76 "
367;467;"3/8/2019";"Miss Victorine (Maid to Mrs Emily Ryerson)";"Chaudanson";"EMEA";"Comb";18;" $330.59 ";" $5,950.59 "
368;468;"3/9/2019";"Miss Gladys";"Cherry";"EMEA";"Utensils";28;" $334.71 ";" $9,371.76 "
369;469;"3/10/2019";"Mr Paul Romaine Marie Léonce";"Chevré";"EMEA";"Vegetables";38;" $338.82 ";" $12,875.29 "
370;470;"3/11/2019";"Mrs Edith Martha Bowerman";"Chibnall";"EMEA";"Fruits";48;" $342.94 ";" $16,461.18 "
371;471;"3/12/2019";"Mr Roderick Robert Crispin";"Chisholm";"EMEA";"Soap";58;" $347.06 ";" $20,129.41 "
372;472;"3/13/2019";"Mr Walter Miller";"Clark";"EMEA";"Shampoo";68;" $351.18 ";" $23,880.00 "
373;473;"3/14/2019";"Mrs Virginia Estelle";"Clark";"EMEA";"Powder";78;" $355.29 ";" $27,712.94 "
374;474;"3/15/2019";"Miss Alice Catherine (Nanny to Master Hudson Trevor Allison)";"Cleaver";"EMEA";"Washing Liquid";88;" $359.41 ";" $31,628.24 "
375;475;"3/16/2019";"Mr George Quincy";"Clifford";"EMEA";"Detergent";98;" $363.53 ";" $35,625.88 "
376;476;"3/17/2019";"Mr Edward Pomeroy";"Colley";"EMEA";"Diapers";108;" $367.65 ";" $39,705.88 "
377;477;"3/18/2019";"Mrs Mary Eliza";"Compton";"EMEA";"Comb";118;" $371.76 ";" $43,868.24 "
378;478;"3/19/2019";"Miss Sara Rebecca";"Compton";"EMEA";"Utensils";128;" $375.88 ";" $48,112.94 "
379;479;"3/20/2019";"Mr Alexander Taylor Jr";"Compton";"EMEA";"Vegetables";8;" $380.00 ";" $3,040.00 "
380;480;"3/21/2019";"Mrs Malvina Helen";"Cornell";"EMEA";"Fruits";18;" $384.12 ";" $6,914.12 "
381;481;"3/22/2019";"Mr John Bertram";"Crafton";"EMEA";"Soap";28;" $388.24 ";" $10,870.59 "
382;482;"3/23/2019";"Captain Edward Gifford";"Crosby";"EMEA";"Shampoo";38;" $392.35 ";" $14,909.41 "
383;483;"3/24/2019";"Mrs Catherine Elizabeth";"Crosby";"EMEA";"Powder";48;" $396.47 ";" $19,030.59 "
384;484;"3/25/2019";"Miss Harriette Rebecca";"Crosby";"EMEA";"Washing Liquid";58;" $400.59 ";" $23,234.12 "
385;485;"3/26/2019";"Mr John Bradley";"Cumings";"EMEA";"Detergent";68;" $404.71 ";" $27,520.00 "
386;486;"3/27/2019";"Mrs Florence Briggs";"Cumings";"EMEA";"Diapers";78;" $408.82 ";" $31,888.24 "
387;487;"3/28/2019";"Mr Peter Dennis";"Daly";"EMEA";"Comb";88;" $412.94 ";" $36,338.82 "
388;488;"3/29/2019";"Mr Robert Williams";"Daniel";"EMEA";"Utensils";98;" $417.06 ";" $40,871.76 "
389;489;"3/30/2019";"Miss Sarah Rebecca (Maid to Mr & Mrs Allison)";"Daniels";"EMEA";"Vegetables";108;" $421.18 ";" $45,487.06 "
390;490;"3/31/2019";"Mr Thornton";"Davidson";"EMEA";"Fruits";118;" $425.29 ";" $50,184.71 "
391;491;"4/1/2019";"Mrs Orian";"Davidson";"EMEA";"Soap";128;" $429.41 ";" $54,964.71 "
392;492;"4/2/2019";"Mr Albert Adrian";"Dick";"EMEA";"Shampoo";8;" $433.53 ";" $3,468.24 "
393;493;"4/3/2019";"Mrs Vera";"Dick";"EMEA";"Powder";18;" $437.65 ";" $7,877.65 "
394;494;"4/4/2019";"Dr Washington";"Dodge";"EMEA";"Washing Liquid";28;" $441.76 ";" $12,369.41 "
395;495;"4/5/2019";"Mrs Ruth";"Dodge";"EMEA";"Detergent";38;" $445.88 ";" $16,943.53 "
396;496;"4/6/2019";"Master Washington";"Dodge";"EMEA";"Diapers";48;" $450.00 ";" $21,600.00 "
397;497;"4/7/2019";"Mr Walter Donald";"Douglas";"EMEA";"Comb";58;" $454.12 ";" $26,338.82 "
398;498;"4/8/2019";"Mrs Mahala";"Douglas";"EMEA";"Utensils";68;" $458.24 ";" $31,160.00 "
399;499;"4/9/2019";"Mrs Mary Hélène";"Douglas";"EMEA";"Vegetables";78;" $462.35 ";" $36,063.53 "
400;500;"4/10/2019";"Sir Cosmo Edmund";"Duff Gordon";"EMEA";"Fruits";88;" $466.47 ";" $41,049.41 "
401;501;"4/11/2019";"Lucy Christiana, Lady";"Duff Gordon";"EMEA";"Soap";98;" $470.59 ";" $46,117.65 "
402;502;"4/12/2019";"Mr William Crothers";"Dulles";"EMEA";"Shampoo";108;" $474.71 ";" $51,268.24 "
403;503;"4/13/2019";"Mrs Olive";"Earnshaw";"EMEA";"Powder";118;" $478.82 ";" $56,501.18 "
404;504;"4/14/2019";"Miss Caroline Louise (Nurse to Mrs Madeleine Astor)";"Endres";"EMEA";"Washing Liquid";128;" $482.94 ";" $61,816.47 "
405;505;"4/15/2019";"Miss Elizabeth Mussey";"Eustis";"EMEA";"Detergent";8;" $487.06 ";" $3,896.47 "
406;506;"4/16/2019";"Miss Edith Corse";"Evans";"EMEA";"Diapers";18;" $491.18 ";" $8,841.18 "
407;507;"4/17/2019";"Mr John (Manservant to Mr & Mrs Straus)";"Farthing";"EMEA";"Comb";28;" $495.29 ";" $13,868.24 "
408;508;"4/18/2019";"Mrs Antoinette";"Flegenheim";"EMEA";"Utensils";38;" $499.41 ";" $18,977.65 "
409;509;"4/19/2019";"Miss Margaret (Maid to Mr & Mrs Thayer)";"Fleming";"EMEA";"Vegetables";48;" $503.53 ";" $24,169.41 "
410;510;"4/20/2019";"Mr John Irwin";"Flynn";"EMEA";"Fruits";58;" $507.65 ";" $29,443.53 "
411;511;"4/21/2019";"Mr Benjamin Laventall";"Foreman";"EMEA";"Soap";68;" $511.76 ";" $34,800.00 "
412;512;"4/22/2019";"Mr Mark";"Fortune";"EMEA";"Shampoo";78;" $515.88 ";" $40,238.82 "
413;513;"4/23/2019";"Mrs Mary";"Fortune";"EMEA";"Powder";88;" $520.00 ";" $45,760.00 "
414;514;"4/24/2019";"Miss Ethel Flora";"Fortune";"EMEA";"Washing Liquid";98;" $524.12 ";" $51,363.53 "
415;515;"4/25/2019";"Miss Alice Elizabeth";"Fortune";"EMEA";"Detergent";108;" $528.24 ";" $57,049.41 "
416;516;"4/26/2019";"Miss Mabel Helen";"Fortune";"EMEA";"Diapers";118;" $532.35 ";" $62,817.65 "
417;517;"4/27/2019";"Mr Charles Alexander";"Fortune";"EMEA";"Comb";128;" $536.47 ";" $68,668.24 "
418;518;"4/28/2019";"Miss Laura Mabel (Secretary to Lady Duff-Gordon)";"Francatelli";"EMEA";"Utensils";8;" $540.59 ";" $4,324.71 "
419;519;"4/29/2019";"Mr Thomas Parnham";"Franklin";"EMEA";"Vegetables";18;" $544.71 ";" $9,804.71 "
420;520;"4/30/2019";"Mr Isaac Gerald";"Frauenthal";"EMEA";"Fruits";28;" $548.82 ";" $15,367.06 "
421;521;"5/1/2019";"Dr Henry William";"Frauenthal";"EMEA";"Soap";38;" $552.94 ";" $21,011.76 "
422;522;"5/2/2019";"Mrs Clara";"Frauenthal";"EMEA";"Shampoo";48;" $557.06 ";" $26,738.82 "
423;523;"5/3/2019";"Miss Hedwig Margaritha";"Frölicher";"EMEA";"Powder";58;" $561.18 ";" $32,548.24 "
424;524;"5/4/2019";"Mr Maximilian Josef";"Frölicher-Stehli";"EMEA";"Washing Liquid";68;" $565.29 ";" $38,440.00 "
425;525;"5/5/2019";"Mrs Margaretha Emerentia";"Frölicher-Stehli";"EMEA";"Detergent";78;" $569.41 ";" $44,414.12 "
426;526;"5/6/2019";"Mr Richard (Valet to Mr Joseph Bruce Ismay)";"Fry";"EMEA";"Diapers";88;" $573.53 ";" $50,470.59 "
427;527;"5/7/2019";"Mr Jacques Heath";"Futrelle";"EMEA";"Comb";98;" $577.65 ";" $56,609.41 "
428;528;"5/8/2019";"Mrs Lily May";"Futrelle";"EMEA";"Utensils";108;" $581.76 ";" $62,830.59 "
429;529;"5/9/2019";"Mr Arthur H.";"Gee";"EMEA";"Vegetables";118;" $585.88 ";" $69,134.12 "
430;530;"5/10/2019";"Mrs Pauline Caroline";"Gibson";"EMEA";"Fruits";128;" $590.00 ";" $75,520.00 "
431;531;"5/11/2019";"Miss Dorothy Winifred";"Gibson";"EMEA";"Soap";8;" $594.12 ";" $4,752.94 "
432;532;"5/12/2019";"Miss Amalie (Maid to Mrs George Dunton Widener)";"Gieger";"EMEA";"Shampoo";18;" $598.24 ";" $10,768.24 "
433;533;"5/13/2019";"Mr Victor Gaitan Andrea (Valet to Mr Benjamin Guggenheim)";"Giglio";"EMEA";"Powder";28;" $602.35 ";" $16,865.88 "
434;534;"5/14/2019";"Mr Samuel L.";"Goldenberg";"EMEA";"Washing Liquid";38;" $606.47 ";" $23,045.88 "
435;535;"5/15/2019";"Mrs Nella";"Goldenberg";"EMEA";"Detergent";48;" $610.59 ";" $29,308.24 "
436;536;"5/16/2019";"Mr George B.";"Goldschmidt";"EMEA";"Diapers";58;" $614.71 ";" $35,652.94 "
437;537;"5/17/2019";"Colonel Archibald";"Gracie";"EMEA";"Comb";68;" $618.82 ";" $42,080.00 "
438;538;"5/18/2019";"Mr George Edward";"Graham";"EMEA";"Utensils";78;" $622.94 ";" $48,589.41 "
439;539;"5/19/2019";"Mrs Edith";"Graham";"EMEA";"Vegetables";88;" $627.06 ";" $55,181.18 "
440;540;"5/20/2019";"Miss Margaret Edith";"Graham";"EMEA";"Fruits";98;" $631.18 ";" $61,855.29 "
441;541;"5/21/2019";"Mrs Blanche";"Greenfield";"EMEA";"Soap";108;" $635.29 ";" $68,611.76 "
442;542;"5/22/2019";"Mr William Bertram";"Greenfield";"EMEA";"Shampoo";118;" $639.41 ";" $75,450.59 "
443;543;"5/23/2019";"Mr Benjamin";"Guggenheim";"EMEA";"Powder";128;" $643.53 ";" $82,371.76 "
444;544;"5/24/2019";"Mr George Achilles";"Harder";"EMEA";"Washing Liquid";8;" $647.65 ";" $5,181.18 "
445;545;"5/25/2019";"Mrs Dorothy";"Harder";"EMEA";"Detergent";18;" $651.76 ";" $11,731.76 "
446;546;"5/26/2019";"Mr Henry Sleeper";"Harper";"EMEA";"Diapers";28;" $655.88 ";" $18,364.71 "
447;547;"5/27/2019";"Mrs Myra Raymond";"Harper";"EMEA";"Comb";38;" $660.00 ";" $25,080.00 "
448;548;"5/28/2019";"Mr Charles Henry (Manservant to Mr Clarence Bloomfield Moore)";"Harrington";"EMEA";"Utensils";48;" $664.12 ";" $31,877.65 "
449;549;"5/29/2019";"Mr Henry Birkhardt";"Harris";"EMEA";"Vegetables";58;" $668.24 ";" $38,757.65 "
450;550;"5/30/2019";"Mrs Irene";"Harris";"EMEA";"Fruits";68;" $672.35 ";" $45,720.00 "
451;551;"5/31/2019";"Mr William Henry (Private secretary to Mr Joseph Bruce Ismay)";"Harrison";"EMEA";"Soap";78;" $676.47 ";" $52,764.71 "
452;552;"6/1/2019";"Mr Hammad (Interpreter to Mr Henry Sleeper Harper)";"Hassab";"EMEA";"Shampoo";88;" $680.59 ";" $59,891.76 "
453;553;"6/2/2019";"Mr Walter James";"Hawksford";"EMEA";"Powder";98;" $684.71 ";" $67,101.18 "
454;554;"6/3/2019";"Mr Charles Melville";"Hays";"EMEA";"Washing Liquid";108;" $688.82 ";" $74,392.94 "
455;555;"6/4/2019";"Mrs Clara Jennings";"Hays";"EMEA";"Detergent";118;" $692.94 ";" $81,767.06 "
456;556;"6/5/2019";"Miss Margaret Bechstein";"Hays";"EMEA";"Diapers";128;" $697.06 ";" $89,223.53 "
457;557;"6/6/2019";"Mr Christopher";"Head";"EMEA";"Comb";8;" $701.18 ";" $5,609.41 "
458;558;"6/7/2019";"Mr Herbert Henry";"Hilliard";"EMEA";"Utensils";18;" $705.29 ";" $12,695.29 "
459;559;"6/8/2019";"Mr William Edward";"Hipkins";"EMEA";"Vegetables";28;" $709.41 ";" $19,863.53 "
460;560;"6/9/2019";"Mrs Ida Sophia";"Hippach";"EMEA";"Fruits";38;" $713.53 ";" $27,114.12 "
461;561;"6/10/2019";"Miss Jean Gertrude";"Hippach";"EMEA";"Soap";48;" $717.65 ";" $34,447.06 "
462;562;"6/11/2019";"Mrs Anna Louisa";"Hogeboom";"EMEA";"Shampoo";58;" $721.76 ";" $41,862.35 "
463;563;"6/12/2019";"Mr Alexander Oskar";"Holverson";"EMEA";"Powder";68;" $725.88 ";" $49,360.00 "
464;564;"6/13/2019";"Mrs Mary Aline";"Holverson";"EMEA";"Washing Liquid";78;" $730.00 ";" $56,940.00 "
465;565;"6/14/2019";"Mr Harry";"Homer";"EMEA";"Detergent";88;" $734.12 ";" $64,602.35 "
466;566;"6/15/2019";"Mr Frederick Maxfield";"Hoyt";"EMEA";"Diapers";98;" $738.24 ";" $72,347.06 "
467;567;"6/16/2019";"Mrs Jane Anne";"Hoyt";"EMEA";"Comb";108;" $742.35 ";" $80,174.12 "
468;568;"6/17/2019";"Mr William Fisher";"Hoyt";"EMEA";"Utensils";118;" $746.47 ";" $88,083.53 "
469;569;"6/18/2019";"Miss Rose Amélie (Maid to Mrs George Nelson Stone)";"Icard";"EMEA";"Vegetables";128;" $750.59 ";" $96,075.29 "
470;570;"6/19/2019";"Miss Ann Elizabeth";"Isham";"EMEA";"Fruits";8;" $754.71 ";" $6,037.65 "
471;571;"6/20/2019";"Mr Joseph Bruce";"Ismay";"EMEA";"Soap";18;" $758.82 ";" $13,658.82 "
472;572;"6/21/2019";"Mr Charles Cresson";"Jones";"EMEA";"Shampoo";28;" $762.94 ";" $21,362.35 "
473;573;"6/22/2019";"Mr Henry Forbes";"Julian";"EMEA";"Powder";38;" $767.06 ";" $29,148.24 "
474;574;"6/23/2019";"Mr Edwin Herbert (Manservant to Mr & Mrs Widener)";"Keeping";"EMEA";"Washing Liquid";48;" $771.18 ";" $37,016.47 "
475;575;"6/24/2019";"Mr Edward Austin";"Kent";"EMEA";"Detergent";58;" $775.29 ";" $44,967.06 "
476;576;"6/25/2019";"Mr Frederick Roland";"Kenyon";"EMEA";"Diapers";68;" $779.41 ";" $53,000.00 "
477;577;"6/26/2019";"Mrs Marion Estelle";"Kenyon";"EMEA";"Comb";78;" $783.53 ";" $61,115.29 "
478;578;"6/27/2019";"Mr Edwin Nelson Jr.";"Kimball";"EMEA";"Utensils";88;" $787.65 ";" $69,312.94 "
479;579;"6/28/2019";"Mrs Susan Gertrude";"Kimball";"EMEA";"Vegetables";98;" $791.76 ";" $77,592.94 "
480;580;"6/29/2019";"Mr Herman";"Klaber";"EMEA";"Fruits";108;" $795.88 ";" $85,955.29 "
481;581;"6/30/2019";"Miss Emilie (Maid to Mrs Edward Scott Robert)";"Kreuchen";"EMEA";"Soap";118;" $800.00 ";" $94,400.00 "
482;582;"7/1/2019";"Dr Alice May";"Leader";"EMEA";"Shampoo";128;" $804.12 ";" $102,927.06 "
483;583;"7/2/2019";"Miss Berthe (Maid to Mrs Walter Donald Douglas)";"Leroy";"EMEA";"Powder";8;" $808.24 ";" $6,465.88 "
484;584;"7/3/2019";"Mr Gustave J. (Manservant to Mr Thomas Cardeza)";"Lesueur";"EMEA";"Washing Liquid";18;" $812.35 ";" $14,622.35 "
485;585;"7/4/2019";"Mr Ervin G.";"Lewy";"EMEA";"Detergent";28;" $816.47 ";" $22,861.18 "
486;586;"7/5/2019";"Mr Erik Gustaf";"Lindeberg-Lind";"EMEA";"Diapers";38;" $820.59 ";" $31,182.35 "
487;587;"7/6/2019";"Mrs Sigrid";"Lindström";"EMEA";"Comb";48;" $824.71 ";" $39,585.88 "
488;588;"7/7/2019";"Mrs Elizabeth Lindsey";"Lines";"EMEA";"Utensils";58;" $828.82 ";" $48,071.76 "
489;589;"7/8/2019";"Miss Mary Conover";"Lines";"EMEA";"Vegetables";68;" $832.94 ";" $56,640.00 "
490;590;"7/9/2019";"Mr Milton Clyde";"Long";"EMEA";"Fruits";78;" $837.06 ";" $65,290.59 "
491;591;"7/10/2019";"Miss Gretchen Fiske";"Longley";"EMEA";"Soap";88;" $841.18 ";" $74,023.53 "
492;592;"7/11/2019";"Mr Joseph Holland";"Loring";"EMEA";"Shampoo";98;" $845.29 ";" $82,838.82 "
493;593;"7/12/2019";"Miss Eugénie Elise (Maid to Mr & Mrs Spencer)";"Lurette";"EMEA";"Powder";108;" $849.41 ";" $91,736.47 "
494;594;"7/13/2019";"Miss Georgette Alexandra";"Madill";"EMEA";"Washing Liquid";118;" $853.53 ";" $100,716.47 "
495;595;"7/14/2019";"Mr John Edward";"Maguire";"EMEA";"Detergent";128;" $857.65 ";" $109,778.82 "
496;596;"7/15/2019";"Miss Roberta Elizabeth Mary (Maid to the Countess of Rothes)";"Maioni";"EMEA";"Diapers";8;" $861.76 ";" $6,894.12 "
497;597;"7/16/2019";"Mr Pierre";"Maréchal";"EMEA";"Comb";18;" $865.88 ";" $15,585.88 "
498;598;"7/17/2019";"Mr Daniel Warner";"Marvin";"EMEA";"Utensils";28;" $870.00 ";" $24,360.00 "
499;599;"7/18/2019";"Mrs Mary Graham Carmichael";"Marvin";"EMEA";"Vegetables";38;" $874.12 ";" $33,216.47 "
500;600;"7/19/2019";"Mlle Berthe Antonine";"Mayné";"EMEA";"Fruits";48;" $878.24 ";" $42,155.29 "
501;601;"7/20/2019";"Mr Thomas Francis";"McCaffry";"EMEA";"Soap";58;" $882.35 ";" $51,176.47 "
502;602;"7/21/2019";"Mr Timothy J.";"McCarthy";"EMEA";"Shampoo";68;" $886.47 ";" $60,280.00 "
503;603;"7/22/2019";"Mr James Robert";"McGough";"EMEA";"Powder";78;" $890.59 ";" $69,465.88 "
504;604;"7/23/2019";"Mr Edgar Joseph";"Meyer";"EMEA";"Washing Liquid";88;" $894.71 ";" $78,734.12 "
505;605;"7/24/2019";"Mrs Leila";"Meyer";"EMEA";"Detergent";98;" $898.82 ";" $88,084.71 "
506;606;"7/25/2019";"Mr Francis Davis";"Millet";"EMEA";"Diapers";108;" $902.94 ";" $97,517.65 "
507;607;"7/26/2019";"Dr William Edward";"Minahan";"EMEA";"Comb";118;" $907.06 ";" $107,032.94 "
508;608;"7/27/2019";"Mrs Lillian E.";"Minahan";"EMEA";"Utensils";128;" $911.18 ";" $116,630.59 "
509;609;"7/28/2019";"Miss Daisy E.";"Minahan";"EMEA";"Vegetables";8;" $915.29 ";" $7,322.35 "
510;610;"7/29/2019";"Mr Philipp Edmund";"Mock";"EMEA";"Fruits";18;" $919.41 ";" $16,549.41 "
511;611;"7/30/2019";"Mr Harry Markland";"Molson";"EMEA";"Soap";28;" $923.53 ";" $25,858.82 "
512;612;"7/31/2019";"Mr Clarence Bloomfield";"Moore";"EMEA";"Shampoo";38;" $927.65 ";" $35,250.59 "
513;613;"8/1/2019";"Mr Charles";"Natsch";"EMEA";"Powder";48;" $931.76 ";" $44,724.71 "
514;614;"8/2/2019";"Mr Arthur Webster";"Newell";"EMEA";"Washing Liquid";58;" $935.88 ";" $54,281.18 "
515;615;"8/3/2019";"Miss Marjorie Anne";"Newell";"EMEA";"Detergent";68;" $940.00 ";" $63,920.00 "
516;616;"8/4/2019";"Miss Madeleine";"Newell";"EMEA";"Diapers";78;" $944.12 ";" $73,641.18 "
517;617;"8/5/2019";"Miss Helen Monypeny";"Newsom";"EMEA";"Comb";88;" $948.24 ";" $83,444.71 "
518;618;"8/6/2019";"Mr Arthur Ernest";"Nicholson";"EMEA";"Utensils";98;" $952.35 ";" $93,330.59 "
519;619;"8/7/2019";"Mr Alfred";"Nourney";"EMEA";"Vegetables";108;" $956.47 ";" $103,298.82 "
520;620;"8/8/2019";"Doña Fermina (Maid to Mrs Victor de Satode Peñasco y Castellana)";"Oliva Y Ocana";"EMEA";"Fruits";118;" $960.59 ";" $113,349.41 "
521;621;"8/9/2019";"Mr Alfred Fernand";"Omont";"EMEA";"Soap";128;" $964.71 ";" $123,482.35 "
522;622;"8/10/2019";"Mr Engelhart Cornelius";"Ostby";"EMEA";"Shampoo";8;" $968.82 ";" $7,750.59 "
523;623;"8/11/2019";"Miss Helen Ragnhild";"Østby";"EMEA";"Powder";18;" $972.94 ";" $17,512.94 "
524;624;"8/12/2019";"Mr Servando José Florentino";"Oviés Y Rodríguez";"EMEA";"Washing Liquid";28;" $977.06 ";" $27,357.65 "
525;625;"8/13/2019";"Mr William Henry Marsh";"Parr";"EMEA";"Detergent";38;" $981.18 ";" $37,284.71 "
526;626;"8/14/2019";"Mr Austin";"Partner";"EMEA";"Diapers";48;" $985.29 ";" $47,294.12 "
527;627;"8/15/2019";"Mr Vivian Ponsonby (Private secretary to Mr Charles Melville Hays)";"Payne";"EMEA";"Comb";58;" $989.41 ";" $57,385.88 "
528;628;"8/16/2019";"Mr Thomas Clinton";"Pears";"EMEA";"Utensils";68;" $993.53 ";" $67,560.00 "
529;629;"8/17/2019";"Mrs Edith";"Pears";"EMEA";"Vegetables";78;" $997.65 ";" $77,816.47 "
530;630;"8/18/2019";"Mr Victor";"Peñasco Y Castellana";"EMEA";"Fruits";88;" $1,001.76 ";" $88,155.29 "
531;631;"8/19/2019";"Mrs Maria Josefa Perezde Soto y Vallejo";"Peñasco Y Castellana";"EMEA";"Soap";98;" $1,005.88 ";" $98,576.47 "
532;632;"8/20/2019";"Miss Mary Anne (Maid to Mrs Charles Melville Hays)";"Perreault";"EMEA";"Shampoo";108;" $1,010.00 ";" $109,080.00 "
533;633;"8/21/2019";"Major Arthur Godfrey";"Peuchen";"EMEA";"Powder";118;" $1,014.12 ";" $119,665.88 "
534;634;"8/22/2019";"Mr Walter Chamberlain";"Porter";"EMEA";"Washing Liquid";128;" $1,018.24 ";" $130,334.12 "
535;635;"8/23/2019";"Mrs Lily Alexenia";"Potter";"EMEA";"Detergent";8;" $1,022.35 ";" $8,178.82 "
536;636;"8/24/2019";"Mr Jonkheer Johan George";"Reuchlin";"EMEA";"Diapers";18;" $1,026.47 ";" $18,476.47 "
537;637;"8/25/2019";"Mr George Alexander Lucien";"Rheims";"EMEA";"Comb";28;" $1,030.59 ";" $28,856.47 "
538;638;"8/26/2019";"Mr Sante (Manservant to Mrs John Stewart White)";"Righini";"EMEA";"Utensils";38;" $1,034.71 ";" $39,318.82 "
539;639;"8/27/2019";"Mrs Elisabeth Walton";"Robert";"EMEA";"Vegetables";48;" $1,038.82 ";" $49,863.53 "
540;640;"8/28/2019";"Mr Victor (Valet to Mr John Jacob Astor)";"Robins";"EMEA";"Fruits";58;" $1,042.94 ";" $60,490.59 "
541;641;"8/29/2019";"Mr Washington Augustus II";"Roebling";"EMEA";"Soap";68;" $1,047.06 ";" $71,200.00 "
542;642;"8/30/2019";"Mr Charles Hallace";"Romaine";"EMEA";"Shampoo";78;" $1,051.18 ";" $81,991.76 "
543;643;"8/31/2019";"Mr Hugh Roscoe";"Rood";"EMEA";"Powder";88;" $1,055.29 ";" $92,865.88 "
544;644;"9/1/2019";"Miss Edith Louise";"Rosenbaum";"EMEA";"Washing Liquid";98;" $1,059.41 ";" $103,822.35 "
545;645;"9/2/2019";"Mr George";"Rosenshine";"EMEA";"Detergent";108;" $1,063.53 ";" $114,861.18 "
546;646;"9/3/2019";"Mr John Hugo";"Ross";"EMEA";"Diapers";118;" $1,067.65 ";" $125,982.35 "
547;647;"9/4/2019";"Lucy Noël Martha, Countess of";"Rothes";"EMEA";"Comb";128;" $1,071.76 ";" $137,185.88 "
548;648;"9/5/2019";"Mr Martin";"Rothschild";"EMEA";"Utensils";8;" $1,075.88 ";" $8,607.06 "
549;649;"9/6/2019";"Mrs Elizabeth Jane Anne";"Rothschild";"EMEA";"Vegetables";18;" $1,080.00 ";" $19,440.00 "
550;650;"9/7/2019";"Mr Alfred G.";"Rowe";"EMEA";"Fruits";28;" $1,084.12 ";" $30,355.29 "
551;651;"9/8/2019";"Mr Arthur Larned";"Ryerson";"EMEA";"Soap";38;" $1,088.24 ";" $41,352.94 "
552;652;"9/9/2019";"Mrs Emily Maria";"Ryerson";"EMEA";"Shampoo";48;" $1,092.35 ";" $52,432.94 "
553;653;"9/10/2019";"Miss Emily Borie";"Ryerson";"EMEA";"Powder";58;" $1,096.47 ";" $63,595.29 "
554;654;"9/11/2019";"Miss Susan Parker “Suzette”";"Ryerson";"EMEA";"Washing Liquid";68;" $1,100.59 ";" $74,840.00 "
555;655;"9/12/2019";"Master John Borie";"Ryerson";"EMEA";"Detergent";78;" $1,104.71 ";" $86,167.06 "
556;656;"9/13/2019";"Mr Adolphe";"Saalfeld";"EMEA";"Diapers";88;" $1,108.82 ";" $97,576.47 "
557;657;"9/14/2019";"Mr Abraham Lincoln";"Salomon";"EMEA";"Comb";98;" $1,112.94 ";" $109,068.24 "
558;658;"9/15/2019";"Mlle Emma (Maid to Mme. Léontine Pauline Aubart)";"Sägesser";"EMEA";"Utensils";108;" $1,117.06 ";" $120,642.35 "
559;659;"9/16/2019";"Mrs Emma";"Schabert";"EMEA";"Vegetables";118;" $1,121.18 ";" $132,298.82 "
560;660;"9/17/2019";"Miss Auguste (Maid to Mrs William Carter)";"Serreplan";"EMEA";"Fruits";128;" $1,125.29 ";" $144,037.65 "
561;661;"9/18/2019";"Mr Frederic Kimber";"Seward";"EMEA";"Soap";8;" $1,129.41 ";" $9,035.29 "
562;662;"9/19/2019";"Miss Elizabeth Weed (Governess to Miss Margaret Edith Graham)";"Shutes";"EMEA";"Shampoo";18;" $1,133.53 ";" $20,403.53 "
563;663;"9/20/2019";"Mr Spencer Victor";"Silverthorne";"EMEA";"Powder";28;" $1,137.65 ";" $31,854.12 "
564;664;"9/21/2019";"Mr William Baird";"Silvey";"EMEA";"Washing Liquid";38;" $1,141.76 ";" $43,387.06 "
565;665;"9/22/2019";"Mrs Alice Gray";"Silvey";"EMEA";"Detergent";48;" $1,145.88 ";" $55,002.35 "
566;666;"9/23/2019";"Mr Colonel (Oberst) Alfons";"Simonius-Blumer";"EMEA";"Diapers";58;" $1,150.00 ";" $66,700.00 "
567;667;"9/24/2019";"Mr William Thompson";"Sloper";"EMEA";"Comb";68;" $1,154.12 ";" $78,480.00 "
568;668;"9/25/2019";"Mr John Montgomery";"Smart";"EMEA";"Utensils";78;" $1,158.24 ";" $90,342.35 "
569;669;"9/26/2019";"Mr James Clinch";"Smith";"EMEA";"Vegetables";88;" $1,162.35 ";" $102,287.06 "
570;670;"9/27/2019";"Mr Richard William";"Smith";"EMEA";"Fruits";98;" $1,166.47 ";" $114,314.12 "
571;671;"9/28/2019";"Mr Lucian Philip";"Smith";"EMEA";"Soap";108;" $1,170.59 ";" $126,423.53 "
572;672;"9/29/2019";"Mrs Mary Eloise";"Smith";"EMEA";"Shampoo";118;" $1,174.71 ";" $138,615.29 "
573;673;"9/30/2019";"Mr John Pillsbury";"Snyder";"EMEA";"Powder";128;" $1,178.82 ";" $150,889.41 "
574;674;"10/1/2019";"Mrs Nelle";"Snyder";"EMEA";"Washing Liquid";8;" $1,182.94 ";" $9,463.53 "
575;675;"10/2/2019";"Mr Frederic Oakley";"Spedden";"EMEA";"Detergent";18;" $1,187.06 ";" $21,367.06 "
576;676;"10/3/2019";"Mrs Margaretta Corning “Daisy”";"Spedden";"EMEA";"Diapers";28;" $1,191.18 ";" $33,352.94 "
577;677;"10/4/2019";"Master Robert Douglas";"Spedden";"EMEA";"Comb";38;" $1,195.29 ";" $45,421.18 "
578;678;"10/5/2019";"Mr William Augustus";"Spencer";"EMEA";"Utensils";48;" $1,199.41 ";" $57,571.76 "
579;679;"10/6/2019";"Mrs Marie Eugenie";"Spencer";"EMEA";"Vegetables";58;" $1,203.53 ";" $69,804.71 "
580;680;"10/7/2019";"Dr Max";"Stähelin-Maeglin";"EMEA";"Fruits";68;" $1,207.65 ";" $82,120.00 "
581;681;"10/8/2019";"Mr William Thomas";"Stead";"EMEA";"Soap";78;" $1,211.76 ";" $94,517.65 "
582;682;"10/9/2019";"Mr Charles Emil Henry";"Stengel";"EMEA";"Shampoo";88;" $1,215.88 ";" $106,997.65 "
583;683;"10/10/2019";"Mrs Annie May";"Stengel";"EMEA";"Powder";98;" $1,220.00 ";" $119,560.00 "
584;684;"10/11/2019";"Mrs Martha";"Stephenson";"EMEA";"Washing Liquid";108;" $1,224.12 ";" $132,204.71 "
585;685;"10/12/2019";"Mr Albert Ankeny";"Stewart";"EMEA";"Detergent";118;" $1,228.24 ";" $144,931.76 "
586;686;"10/13/2019";"Mrs Martha Evelyn";"Stone";"EMEA";"Diapers";128;" $1,232.35 ";" $157,741.18 "
587;687;"10/14/2019";"Mr Isidor";"Straus";"EMEA";"Comb";8;" $1,236.47 ";" $9,891.76 "
588;688;"10/15/2019";"Mrs Rosalie Ida";"Straus";"EMEA";"Utensils";18;" $1,240.59 ";" $22,330.59 "
589;689;"10/16/2019";"Mr Frederick";"Sutton";"EMEA";"Vegetables";28;" $1,244.71 ";" $34,851.76 "
590;690;"10/17/2019";"Mrs Margaret Welles";"Swift";"EMEA";"Fruits";38;" $1,248.82 ";" $47,455.29 "
591;691;"10/18/2019";"Mr Emil";"Taussig";"EMEA";"Soap";48;" $1,252.94 ";" $60,141.18 "
592;692;"10/19/2019";"Mrs Tillie";"Taussig";"EMEA";"Shampoo";58;" $1,257.06 ";" $72,909.41 "
593;693;"10/20/2019";"Miss Ruth";"Taussig";"EMEA";"Powder";68;" $1,261.18 ";" $85,760.00 "
594;694;"10/21/2019";"Mr Elmer Zebley";"Taylor";"EMEA";"Washing Liquid";78;" $1,265.29 ";" $98,692.94 "
595;695;"10/22/2019";"Mrs Juliet Cummins";"Taylor";"EMEA";"Detergent";88;" $1,269.41 ";" $111,708.24 "
596;696;"10/23/2019";"Mr John Borland";"Thayer";"EMEA";"Diapers";98;" $1,273.53 ";" $124,805.88 "
597;697;"10/24/2019";"Mrs Marian Longstreth";"Thayer";"EMEA";"Comb";108;" $1,277.65 ";" $137,985.88 "
598;698;"10/25/2019";"Mr John Borland Jr";"Thayer";"EMEA";"Utensils";118;" $1,281.76 ";" $151,248.24 "
599;699;"10/26/2019";"Miss Gertrude Maybelle";"Thorne";"EMEA";"Vegetables";128;" $1,285.88 ";" $164,592.94 "
600;700;"10/27/2019";"Mr Gilbert Milligan Jr";"Tucker";"EMEA";"Fruits";8;" $1,290.00 ";" $10,320.00 "
